每日经济新闻,【#以色列发现两种有效抵抗新冠病毒药物#】以色列生物学研究所（IIBR）的科学家日前表示，两种用于治疗高雪氏病（Gaucher's disease）的药物能有效抵抗新冠病毒，并有可能在未来冠状病毒暴发时作为广谱抗病毒治疗药物。高雪氏病并非病毒引起的疾病，而是在阿什肯纳兹犹太人群中常见的遗传病。科学家发现，用于治疗该疾病的药物会产生可能具有抗病毒能力的糖鞘脂分子，它是细胞膜生物活性成分。实验中，他们检查了药物Cerdelga和Venglustat，结果显示这两种药对新冠病毒和其他潜在病毒均有效。（@科技日报，TY） 收起全文d
中国新闻周刊,【#美国新冠感染病例超180万例#】#周刊君与你共同战疫# 据美国约翰斯·霍普金斯大学疫情实时监测系统显示，截至美东时间6月1日下午5时44分，美国已有新冠病毒感染病例1804206例，其中包括死亡病例104799例。越来越多州长和公共卫生专家担心，#美抗议活动或致新一轮新冠疫情高峰#。多位美国卫生专家担忧，抗议活动中人群密集，许多人不戴口罩，还有人高喊口号或大声喊叫。@人民日报 收起全文d
老板联播,【#美抗议活动或致新一轮新冠疫情高峰#：大量人员长时间聚集，喊叫或喷出口水，检测工作受影响】美国正被夹在新冠疫情和大规模抗议之间。卫生专家称，“抗议游行几乎是新冠病毒的乐园”，人们长时间聚集，喊叫时可能喷出口水，检测中心也被迫关闭。而黑人也被认为是新冠疫情的较大受害人群。然而一些抗议者说…… L时差视频的微博视频 收起全文d
泰国网,#泰国疫情#【曼谷餐厅放大象玩偶陪吃饭 防疫防孤独】泰国网报道，日前，泰国曼谷尚泰购物中心（CentralWorld）一餐厅为了防控疫情，准备了大象玩偶“占座”，这样既能提醒顾客分散就坐又能陪顾客吃饭，一举两得。另外，店家希望顾客勿触碰大象玩偶，仅观看即可，以降低传播新冠病毒的风险。#海外抗疫日记##全球抗疫第一线#（来源：FB）O网页链接 收起全文d
新浪娱乐,#梁家辉母亲去世# 据港媒，梁家辉母亲赵彩霞于5月25日在加拿大多伦多离世，享年89岁，丧礼于6月2日举行。据悉，由于受新冠病毒疫情影响，加拿大禁止所有非加拿大公民及非永久居民入境，梁家辉未能亲自到加拿大送母亲最后一程。O梁家辉母亲于加拿大去世 ​
秦淮司法,【#世卫称中南美洲已成新冠密集传播区#】世界卫生组织6月1日表示，中美洲和南美洲目前已成为新冠病毒密集传播区，国际社会需要团结一致，帮助该地区抗击疫情。根据世卫组织数据，过去24小时内，#全球新增病例最多10国一半在美洲#，包括巴西、美国、秘鲁、智利、墨西哥。世卫组织卫生紧急项目执行主任迈克尔·瑞安同时表示，该地区疫情高峰仍未到来，目前很难预测该地区疫情何时达到峰值。（新华社） 收起全文d
伊金霍洛交警,【#美国新冠感染病例超180万例#】据美国约翰斯·霍普金斯大学疫情实时监测系统显示，截至美东时间6月1日下午5时44分，美国已有新冠病毒感染病例1804206例，其中包括死亡病例104799例。越来越多州长和公共卫生专家担心，#美抗议活动或致新一轮新冠疫情高峰#。多位美国卫生专家担忧，抗议活动中人群密集，许多人不戴口罩，还有人高喊口号或大声喊叫。（人民日报记者郑琪） 收起全文d
陕西政法,【#美国新冠感染病例超180万例#】据美国约翰斯·霍普金斯大学疫情实时监测系统显示，截至美东时间6月1日下午5时44分，美国已有新冠病毒感染病例1804206例，其中包括死亡病例104799例。越来越多州长和公共卫生专家担心，#美抗议活动或致新一轮新冠疫情高峰#。多位美国卫生专家担忧，抗议活动中人群密集，许多人不戴口罩，还有人高喊口号或大声喊叫。via.人民日报 收起全文d
成都发布,【#成都#市新型冠状病毒肺炎疫情最新情况（6月2日发布）】6月1日，成都市新增境外输入确诊病例2例，系昨日通报的无症状感染者订正，无新增无症状感染者。截至6月1日24时，成都市累计报告确诊病例182例，累计出院163人，死亡3人，其余16例境外输入确诊病例正在定点医院隔离治疗。全市现有5例境外输入无症状感染者，正在接受集中隔离医学观察。全市现有283名密切接触者正在接受集中隔离医学观察。新报告2例境外输入确诊病例确诊病例1：周某某，男，30岁，湖南长沙人，2月初前往埃及开罗考察服装生意。5月29日乘坐3U8392次航班自埃及开罗出发，5月30日抵蓉。入境时体温正常，无异常症状，海关采样后转送至集中隔离点。5月31日新冠病毒核酸检测阳性，诊断为无症状感染者，转至定点医院隔离治疗。6月1日因胸部CT检查结果异常，订正为确诊病例。确诊病例2：左某某，男，37岁，四川绵阳人，3月中旬至埃及阿斯旺工作。5月29日乘坐3U8392次航班自埃及开罗出发，5月30日抵蓉。入境时体温正常，无异常症状，海关采样后转送至集中隔离点。5月31日新冠病毒核酸检测阳性，诊断为无症状感染者，转至定点医院隔离治疗。6月1日因胸部CT检查结果异常，订正为确诊病例。两名新增确诊病例均为昨日通报的无症状感染者订正。其乘坐的3U8392次航班入境人员中已报告确诊病例13人，无症状感染者4人。目前该航班所有确诊病例及无症状感染者均在定点医院隔离诊疗，其余乘客及机组人员核酸检测均为阴性，正在集中隔离点接受医学观察。上述所有人员均安排专车转送，无市内停留场所。所有转运车辆及患者停留过的隔离点房间已全部实施终末消毒。@健康成都官微 收起全文d
老徐时评,#武汉中心医院医生胡卫锋逝世#之前报道说一度转好，脸色也变白了。与新冠病毒抗争了几个月，最后还是没能挽救回生命。这是武汉市中心医院第五位牺牲的医生🙏 ​
回锅肉盖浇饭麻辣烫,#埃博拉#南极北极的冰在快速融化，冰里跑出来的远古病毒有极大的概率融入了新冠病毒内，不然怎么这病毒这么毒，如果埃博拉在给新冠相融，有一件事情南极北极冰川比以往的融化快加速了，灾难自然就多。 ​
52大旗66,不管是新冠病毒，埃博拉病毒，是香港的抗议活动，还是美国的抗议活动。所有普通人，都应该保持和平，少点戾气。如果被暴力侵蚀，不论最初的原因是什么，首先你自己就已经失去本心了。所有人不去争吵不休，全都以热爱积极的方式去生活，有什么不好呢。 2武汉 ​
Kevinqin008,米国人似乎已经忘记新冠病毒是啥了，跑出来聚集的还正好是，前期数据上最易感死亡率最高的黑人族裔。看来这个大号流感真的要变成美国的流感了 ​
eudaemonia小医,#埃博拉#当你点开这个带着沸字的热搜之前，潜意识里如果希望它像新冠病毒那样世界末日般的来袭，夹带着兴奋和激动说明你现在处于挣扎着生存下去的状态；潜意识里如果希望它是虚惊一场夹带着忧虑和不安说明你现在处于积极愉快享受生活的状态；很不幸，我属于前者 ​
大碗姐,纽约州长的弟弟，CNN主播克里斯·科莫，此前也在节目中提到，相信病毒在去年10月已经在美国存在，那时正是美国流感高发季。 L大碗姐的微博视频 ​
eYvonne婷,#埃博拉#woc，这病毒可比新冠病毒可怕多了，不过病发很快，不会很大范围传播 ​
环球网健康,【#巴西新冠病毒感染病例超52万例#】根据巴西卫生部当地时间1日晚公布的最新数据，该国单日新增新冠肺炎确诊病例11598例，累计确诊526447例；新增死亡病例623例，累计死亡病例29937例。目前巴西新冠肺炎病例确诊总数居全球第二位，仅次于美国。当地时间31日，数百人聚集在巴西里约热内卢的州政府前，抗议巴西警方此前对一名14岁黑人男孩犯下的罪行。当天的抗议活动呼吁“黑人的命也是命”。巴西的抗议活动发生在全美示威活动爆发之际，因此，当地的示威者们也高呼“我无法呼吸”的口号。在警察使用催泪瓦斯驱赶人群后，抗议活动被中断。（海外网） 收起全文d
释迦梵墨墨请叫我三黑,我在看：【新冠病毒可令患者出现冻疮样皮肤病变：多见于年轻、健康患者】 #跟新浪看热点# O新冠病毒可令患者出现冻疮样皮肤病变：多见于年轻、健康患者 ​
名人坊间八卦,#埃博拉# 其实我对埃博拉病毒已经没什么印象了，今年春节期间因为新冠病毒才重新记起这个名字。跟这次的新冠病毒相比，埃博拉的传染性差，但死亡率极高。虽然埃博拉病毒没有在中国爆发，但是在非洲曾经引起极大恐慌。希望非洲这次能迅速控制埃博拉病毒，不过很难。 你了解埃博拉病毒吗？ ​
数码观察生,#埃博拉#我在想个问题要是哪天新冠病毒结合埃博拉会不会吓得人人想自杀 ​
连淮徐盐,美国退出世卫原因美国退出世卫，根本原因是：阻止世卫对新冠病毒溯源的科学调查。全世界只有美国胆怯对本国进行病毒溯源科学调查，并全力阻扰世卫对新冠病毒的科学溯源调查。美国心虚什么？退出世卫就可以掩盖病毒来源吗？真相终将水落石出，美国的虚伪与无耻必将昭然于世。（逻辑大仙） ​
金刀王,#武汉中心医院医生胡卫锋逝世#本来都康复了，还是不幸去世了，看来新冠病毒对人的损伤，尤其是重症患者的预后还是不容乐观的，这家医院的院感是怎么做的，好多医生感染，还有付出生命的，一路走好希望能吸取教训，避免以后在发生类似情况。 ​
牛顿头上安放榴莲,#埃博拉#刚从新冠肺炎病毒阴影走出来，体会生命可贵。而埃博拉病毒让我再次陷入恐慌。对比前者后者更要恐怖的多死亡率高达%90！2020年最大希望你我大家都好好的 2深圳 ​
每日经济新闻,【#以色列发现两种有效抵抗新冠病毒药物#】以色列生物学研究所（IIBR）的科学家日前表示，两种用于治疗高雪氏病（Gaucher's disease）的药物能有效抵抗新冠病毒，并有可能在未来冠状病毒暴发时作为广谱抗病毒治疗药物。高雪氏病并非病毒引起的疾病，而是在阿什肯纳兹犹太人群中常见的遗传病。科学家发现，用于治疗该疾病的药物会产生可能具有抗病毒能力的糖鞘脂分子，它是细胞膜生物活性成分。实验中，他们检查了药物Cerdelga和Venglustat，结果显示这两种药对新冠病毒和其他潜在病毒均有效。（@科技日报，TY） 收起全文d
泰国网,#泰国疫情#【曼谷餐厅放大象玩偶陪吃饭 防疫防孤独】泰国网报道，日前，泰国曼谷尚泰购物中心（CentralWorld）一餐厅为了防控疫情，准备了大象玩偶“占座”，这样既能提醒顾客分散就坐又能陪顾客吃饭，一举两得。另外，店家希望顾客勿触碰大象玩偶，仅观看即可，以降低传播新冠病毒的风险。#海外抗疫日记##全球抗疫第一线#（来源：FB）O网页链接 收起全文d
新浪娱乐,#梁家辉母亲去世# 据港媒，梁家辉母亲赵彩霞于5月25日在加拿大多伦多离世，享年89岁，丧礼于6月2日举行。据悉，由于受新冠病毒疫情影响，加拿大禁止所有非加拿大公民及非永久居民入境，梁家辉未能亲自到加拿大送母亲最后一程。O梁家辉母亲于加拿大去世 ​
秦淮司法,【#世卫称中南美洲已成新冠密集传播区#】世界卫生组织6月1日表示，中美洲和南美洲目前已成为新冠病毒密集传播区，国际社会需要团结一致，帮助该地区抗击疫情。根据世卫组织数据，过去24小时内，#全球新增病例最多10国一半在美洲#，包括巴西、美国、秘鲁、智利、墨西哥。世卫组织卫生紧急项目执行主任迈克尔·瑞安同时表示，该地区疫情高峰仍未到来，目前很难预测该地区疫情何时达到峰值。（新华社） 收起全文d
伊金霍洛交警,【#美国新冠感染病例超180万例#】据美国约翰斯·霍普金斯大学疫情实时监测系统显示，截至美东时间6月1日下午5时44分，美国已有新冠病毒感染病例1804206例，其中包括死亡病例104799例。越来越多州长和公共卫生专家担心，#美抗议活动或致新一轮新冠疫情高峰#。多位美国卫生专家担忧，抗议活动中人群密集，许多人不戴口罩，还有人高喊口号或大声喊叫。（人民日报记者郑琪） 收起全文d
陕西政法,【#美国新冠感染病例超180万例#】据美国约翰斯·霍普金斯大学疫情实时监测系统显示，截至美东时间6月1日下午5时44分，美国已有新冠病毒感染病例1804206例，其中包括死亡病例104799例。越来越多州长和公共卫生专家担心，#美抗议活动或致新一轮新冠疫情高峰#。多位美国卫生专家担忧，抗议活动中人群密集，许多人不戴口罩，还有人高喊口号或大声喊叫。via.人民日报 收起全文d
成都发布,【#成都#市新型冠状病毒肺炎疫情最新情况（6月2日发布）】6月1日，成都市新增境外输入确诊病例2例，系昨日通报的无症状感染者订正，无新增无症状感染者。截至6月1日24时，成都市累计报告确诊病例182例，累计出院163人，死亡3人，其余16例境外输入确诊病例正在定点医院隔离治疗。全市现有5例境外输入无症状感染者，正在接受集中隔离医学观察。全市现有283名密切接触者正在接受集中隔离医学观察。新报告2例境外输入确诊病例确诊病例1：周某某，男，30岁，湖南长沙人，2月初前往埃及开罗考察服装生意。5月29日乘坐3U8392次航班自埃及开罗出发，5月30日抵蓉。入境时体温正常，无异常症状，海关采样后转送至集中隔离点。5月31日新冠病毒核酸检测阳性，诊断为无症状感染者，转至定点医院隔离治疗。6月1日因胸部CT检查结果异常，订正为确诊病例。确诊病例2：左某某，男，37岁，四川绵阳人，3月中旬至埃及阿斯旺工作。5月29日乘坐3U8392次航班自埃及开罗出发，5月30日抵蓉。入境时体温正常，无异常症状，海关采样后转送至集中隔离点。5月31日新冠病毒核酸检测阳性，诊断为无症状感染者，转至定点医院隔离治疗。6月1日因胸部CT检查结果异常，订正为确诊病例。两名新增确诊病例均为昨日通报的无症状感染者订正。其乘坐的3U8392次航班入境人员中已报告确诊病例13人，无症状感染者4人。目前该航班所有确诊病例及无症状感染者均在定点医院隔离诊疗，其余乘客及机组人员核酸检测均为阴性，正在集中隔离点接受医学观察。上述所有人员均安排专车转送，无市内停留场所。所有转运车辆及患者停留过的隔离点房间已全部实施终末消毒。@健康成都官微 收起全文d
老徐时评,#武汉中心医院医生胡卫锋逝世#之前报道说一度转好，脸色也变白了。与新冠病毒抗争了几个月，最后还是没能挽救回生命。这是武汉市中心医院第五位牺牲的医生🙏 ​
回锅肉盖浇饭麻辣烫,#埃博拉#南极北极的冰在快速融化，冰里跑出来的远古病毒有极大的概率融入了新冠病毒内，不然怎么这病毒这么毒，如果埃博拉在给新冠相融，有一件事情南极北极冰川比以往的融化快加速了，灾难自然就多。 ​
52大旗66,不管是新冠病毒，埃博拉病毒，是香港的抗议活动，还是美国的抗议活动。所有普通人，都应该保持和平，少点戾气。如果被暴力侵蚀，不论最初的原因是什么，首先你自己就已经失去本心了。所有人不去争吵不休，全都以热爱积极的方式去生活，有什么不好呢。 2武汉 ​
Kevinqin008,米国人似乎已经忘记新冠病毒是啥了，跑出来聚集的还正好是，前期数据上最易感死亡率最高的黑人族裔。看来这个大号流感真的要变成美国的流感了 ​
eudaemonia小医,#埃博拉#当你点开这个带着沸字的热搜之前，潜意识里如果希望它像新冠病毒那样世界末日般的来袭，夹带着兴奋和激动说明你现在处于挣扎着生存下去的状态；潜意识里如果希望它是虚惊一场夹带着忧虑和不安说明你现在处于积极愉快享受生活的状态；很不幸，我属于前者 ​
大碗姐,纽约州长的弟弟，CNN主播克里斯·科莫，此前也在节目中提到，相信病毒在去年10月已经在美国存在，那时正是美国流感高发季。 L大碗姐的微博视频 ​
eYvonne婷,#埃博拉#woc，这病毒可比新冠病毒可怕多了，不过病发很快，不会很大范围传播 ​
环球网健康,【#巴西新冠病毒感染病例超52万例#】根据巴西卫生部当地时间1日晚公布的最新数据，该国单日新增新冠肺炎确诊病例11598例，累计确诊526447例；新增死亡病例623例，累计死亡病例29937例。目前巴西新冠肺炎病例确诊总数居全球第二位，仅次于美国。当地时间31日，数百人聚集在巴西里约热内卢的州政府前，抗议巴西警方此前对一名14岁黑人男孩犯下的罪行。当天的抗议活动呼吁“黑人的命也是命”。巴西的抗议活动发生在全美示威活动爆发之际，因此，当地的示威者们也高呼“我无法呼吸”的口号。在警察使用催泪瓦斯驱赶人群后，抗议活动被中断。（海外网） 收起全文d
释迦梵墨墨请叫我三黑,我在看：【新冠病毒可令患者出现冻疮样皮肤病变：多见于年轻、健康患者】 #跟新浪看热点# O新冠病毒可令患者出现冻疮样皮肤病变：多见于年轻、健康患者 ​
名人坊间八卦,#埃博拉# 其实我对埃博拉病毒已经没什么印象了，今年春节期间因为新冠病毒才重新记起这个名字。跟这次的新冠病毒相比，埃博拉的传染性差，但死亡率极高。虽然埃博拉病毒没有在中国爆发，但是在非洲曾经引起极大恐慌。希望非洲这次能迅速控制埃博拉病毒，不过很难。 你了解埃博拉病毒吗？ ​
数码观察生,#埃博拉#我在想个问题要是哪天新冠病毒结合埃博拉会不会吓得人人想自杀 ​
连淮徐盐,美国退出世卫原因美国退出世卫，根本原因是：阻止世卫对新冠病毒溯源的科学调查。全世界只有美国胆怯对本国进行病毒溯源科学调查，并全力阻扰世卫对新冠病毒的科学溯源调查。美国心虚什么？退出世卫就可以掩盖病毒来源吗？真相终将水落石出，美国的虚伪与无耻必将昭然于世。（逻辑大仙） ​
金刀王,#武汉中心医院医生胡卫锋逝世#本来都康复了，还是不幸去世了，看来新冠病毒对人的损伤，尤其是重症患者的预后还是不容乐观的，这家医院的院感是怎么做的，好多医生感染，还有付出生命的，一路走好希望能吸取教训，避免以后在发生类似情况。 ​
牛顿头上安放榴莲,#埃博拉#刚从新冠肺炎病毒阴影走出来，体会生命可贵。而埃博拉病毒让我再次陷入恐慌。对比前者后者更要恐怖的多死亡率高达%90！2020年最大希望你我大家都好好的 2深圳 ​
热心肠先生,6 月 2 日的《热心肠日报》，我们解读了 9 篇文献，分别关注：新冠，防御素，肠道感染，性别差异，肠屏障，粘膜免疫，沙门氏菌，鞭毛蛋白，维生素A。 O第1478期：新冠病毒如何活跃于胃肠道？4项研究探索感染机制 ​
三元之窗,“给溯源研究一个理性环境”——武汉国家生物安全实验室主任袁志明回应新冠病毒溯源等问题 O“给溯源研究一个理性环境”——武汉国家生物安全实验室主任袁志明回应新冠病毒溯源等问题 ​
省二级吃饭师,#特朗普称将调用联邦军队维护治安##华盛顿# 以后的历史考试会不会有这样一道题目？ 以下选项中哪个是美国解体的直接导火索？（ ） A:中美贸易战 B:小布什偷了特朗普家的高压锅 C:弗洛伊德之死 D:新冠病毒全球大流行 ​​​
凯尔特人记事簿,#世卫通报全球新冠确诊超600万例#根据薪资专家Bobby Marks报道，当地时间6月1日是NBA球员因新冠病毒疫情降薪后的第二个发薪日。目前NBA球员的降薪幅度为25%，自6月15日开始，降薪幅度将根据最终常规赛场次而增加或者降低！#微博篮球感恩季# ​
悄悄围观,美国高中老师丹尼斯因不幸感染新冠病毒，住院治疗数周后，战胜病毒顺利康复返家休养。没想到好不容易解除隔离健康出院，却收到超惊人的天价帐单，显示他在住院治疗新冠病毒期间，医疗费用一共约为84万美元，相当于500多万人民币。🙏🙏 ​
虎嗅APP,【#美抗议活动或致新一轮新冠疫情高峰#：大量人员长时间聚集，喊叫或喷出口水，检测工作受影响】美国正被夹在新冠疫情和大规模抗议之间。卫生专家称，“抗议游行几乎是新冠病毒的乐园”，人们长时间聚集，喊叫时可能喷出口水，检测中心也被迫关闭。而黑人也被认为是新冠疫情的较大受害人群。然而一些抗议者说…… L时差视频的微博视频 收起全文d
波段兔王伟,【美国国会预算办公室：新冠病毒将使美国GDP十年内减少15.7万亿 】美国国会预算办公室表示，新型冠状病毒将使美国经济损失近8万亿美元。美国政府周一发布的一项估计数据显示，尽管所有救助资金都用于抵消疫情的影响，但在未来10多年里，新冠疫情可能会导致约7.9万亿美元的经济活动减少。在2020-2030年减少的名义GDP预计为15.7万亿美元，即5.3%。 收起全文d
LEONGQC,清晨的阳光温暖而炫目，六月份幼儿园的小朋友们也开学了，曾经的慌乱感觉像一场梦，逝去的却在心底里永远留存。2020年突然而来的新冠病毒打乱了许多人的计划，留下的许多感触，这是否过又还没过去的疫情，我们也要冷静下来想想，在强大的大自然中，人类是如此的渺小，许多许多的未知，是我们不断学习探索的过程。 收起全文d
Rani-7,#美国暴乱# 美国流感、美国新冠病毒顺利传染到新西兰～～～目测有1000万吧祖国反黑站#特朗普曾被短暂带到白宫地下掩体# LRani-7的微博视频 ​
扬子晚报,【#美抗议活动或致新一轮新冠疫情高峰# #美国新冠感染病例超180万例#】据美国约翰斯·霍普金斯大学疫情实时监测系统显示，截至美东时间6月1日下午5时44分，美国已有新冠病毒感染病例1804206例，其中包括死亡病例104799例。越来越多州长和公共卫生专家担心，#美抗议活动或致新一轮新冠疫情高峰#。多位美国卫生专家担忧，抗议活动中人群密集，许多人不戴口罩，还有人高喊口号或大声喊叫。当地时间6月1日，世卫组织总干事谭德塞表示，大型集会可能导致超级传播事件，世卫组织已发布更新后的技术指南，以帮助各类组织决定如何及何时可以安全重启大型集会。（@人民日报 ） 收起全文d
未名鱼儿,阿尔贝·加缪的《鼠疫》是人们在新冠病毒时代重温的作品之一。 ​
强强玩股票,俄罗斯拔得头筹，靠谱吗？有经过临床吗？？？马克修托夫称，该中心已于5月21日研发出一款鼻内滴入式新冠病毒疫苗。#资金流向#上证指数 sh000001 ​
陈新建,埃博拉病毒又露狰狞，事发地刚果（金）西北赤道省姆班达卡市，染病6人，死亡4人。这玩意致死率70％，比新冠病毒厉害多了，必须密切关注。 2永城市 ​
今天也要开心鸭呀,#埃博拉#😰😰敬畏自然不应该只是口号，由蝙蝠介体引起的新冠病毒肺炎导致的一系列连锁反应让世人恐慌…肺炎还未消除，埃博拉又死灰复燃。2020真的太可怕了。 ​
西甲前线,#西甲今天复赛了吗# 来康康今日马卡报封面:“神圣的数字0”根据西班牙卫生部的统计，昨日板鸭新冠疫情死亡人数是0例，新冠疫情开始在我们掌控之中，避免疫情反弹发生都把握在我们自己手中值得一提的是：截止到目前，西班牙确诊新冠病毒的人数286718人，死亡人数为27127例，恢复人数196958人。而疫情最严重的马德里大区也早有好转，马德里大区主席已经确认：已向中央政府申请6月8日进入防疫降级阶段2#西甲前线# 收起全文d
LQSGHR,【#刚果暴发第11轮埃博拉疫情#】刚果（金）卫生部长隆贡多6月1日说，该国西北暴发了新一轮埃博拉疫情，这是自1976年以来刚果（金）第11次发生#埃博拉#疫情。隆贡多表示，实验室检测结果表明赤道省首府姆班达卡发现了埃博拉病毒阳性病例。世卫组织总干事谭德塞当天也通过社交媒体确认了刚果（金）发生埃博拉新疫情，并透露目前已有6名感染者，其中4人已死亡。（新华社） 收起全文d
暖夕酱,"埃博拉病毒有多恐怖?感染者从皮肤往外渗血,死亡率是新冠肺炎病毒40倍埃博拉病毒， 在1976年夏天， 两个中非小镇上爆发了场奇怪的流行病。 导致大多数病人死亡，医学家曾怀疑 马尔堡病毒是元凶。 但通过显微镜他们发现了一种新的病原，它因附近的埃博拉河而得名 就像黄热病和登革热，由埃博拉病毒引起的疾病是一种严重的出血性发热。 病毒首先攻击免疫系统，来减弱免疫反应，使自身繁殖。被感染后的二到二十天后，最初的症状出现包括高热，身体疼痛， 以及喉咙痛 这与典型流感相似，但症状迅速加剧至呕吐，红疹和腹泻。病毒扩散时它入侵淋巴结和重要器官，比如肝和肾，使其功能衰竭。但病毒本身并不是致死原因。 大量细胞死亡所导致的免疫系统超负荷运转，也就是”细胞因子风暴“， 过度的免疫反应破坏了血管，导致了内出血和外出血，过度的体液流失和并发症，在症状出现的头六到十六天会是致命的，恰当的治疗和补水能显著减少病人的死亡率。幸好，虽然埃博拉极度致命它的传染性被以下因素所限制。 与其它的病毒不#刚果暴发新一轮埃博拉疫情##埃博拉# L暖夕酱的微博视频 收起全文d"
实况神圣,#美抗议活动或致新一轮新冠疫情高峰#   美国伊利诺伊州5月25日至5月31日，新冠病毒检测阳性率为6%。#医疗资讯##美国确诊新冠肺炎近180万例# 2成都·抚琴 ​
股神的姥爷,#埃博拉#这个是比艾滋病、新冠还可怕的病毒。多灾多难的人类，加油鸭🦆埃博拉一种能引起人类和灵长类动物产生埃博拉出血热的烈性传染病病毒，有很高的死亡率，在50%至90%之间，致死原因主要为中风、心肌梗塞、低血容量休克或多发性器官衰竭。埃博拉病毒，生物安全等级为4级（艾滋病为3级，SARS为3级，级数越大防护越严格）。 收起全文d
广州南沙天气,【新冠肺炎防控提示】南沙区卫生健康局提醒您：为降低新冠病毒传播风险，请广大市民做好自我防护，戴口罩、勤洗手，测体温、勤消毒，少聚集、勤通风。外出游玩，避免扎堆，错峰出游；保持安全间距（1米以上），减少感染风险；就餐时拉开桌椅间距，使用公筷公勺。疫情防...O网页链接 ​
张冶0003,"#美抗议活动或致新一轮新冠疫情高峰#新冠病毒和那名白人警察，把美国害惨了。看着美国警察对示威者动起手来毫不客气，港独也沉默了。疫情刚起时，一些国家和中国部分""人""幸灾乐祸，准备好好看中国的笑话，没想到，剧情变化太快了。 ​"
猛犸君侯,【89分钟英文完整版】【BBC.新冠病毒：1日资讯汇总】新冠肺炎蔓延全球，确诊人数的最新数字已超过620万。本片讲述英国和世界疫情、措施等等。如果转发数量比较低，以后将不再发布这一系列01/06/2020BBC News SpecialCoronavirus Daily UpdateThe latest news including a Downing Street news conference on the coronavirus pandemic.#留学早知道# #留学百问##英国疫情# #关注新冠肺炎# #美国疫情# #全球疫情# #英语# 英语 #纪录片# L猛犸君侯的微博视频 收起全文d
户外蜀黍,#抗击新型肺炎第一线##致敬疫情前线医护人员# @澎湃新闻 痛心！他还是离开了……武汉市中心医院胡卫锋感染新冠病毒经抢救无效不幸离世，病情曾一度好转🙏🙏🙏 L户外蜀黍的微博视频 ​
庚午馬宝7799,抗议警察暴力活动开始席卷全球，导火索是黑人被白人跪死，美国目前最的主要的国内矛盾已从新冠疫情转为种族歧视导致的暴乱，而暴乱又利好新冠病毒，可谓雪上加霜，放眼世界，新冠疫情导致西方发达国家失业率越来越高，失业的人没有了收入，时间过长的话，在温饱面前，人们已经顾不上法律和尊严，由此可以推论：暴力活动不但从在美国燎原，还会蔓延到众多西方发达国家。未来的希望在亚洲，重点希望在我们中国，想要做投资的外国朋友们，要认清未来世界趋势大格局，我们中国值得你们考虑。——2020.6.2 2广州 收起全文d
海报新闻,【示威怒火燎烧全美140城，#洛杉矶最大新冠病毒监测站关闭# ：加州新增病例创纪录，美国单日死亡人数回升…】据环球时报援引外媒消息，由美国明尼苏达州警察执法导致非洲裔男子死亡事件引发的抗议和骚乱仍在全美多地持续。美国至少140个城市爆发了抗议活动，一些抗议示威活动演变成暴力，已经启动国民警卫队的州数量上升到至少21个。此外，据央视新闻，美国加利福尼亚州的新增新冠病毒病例在短短五天内以11%的速度增长，5月31日公布的新增病例的报告又创下3705例的单日新高。值得注意的是，由于洛杉矶连日来的抗议活动中冲突事件的层出不穷，为了安全考虑，洛杉矶市长已经宣布关闭市内最大的新冠病毒检测站。 收起全文d
阿尔法小分队法语组,【科普】石正丽冠状病毒研究相信大家最近对石正丽这个名字并不陌生，她的身份与经历让她一度身处舆论中心，关于她的谣言一度层出不穷。作为身在武汉的病毒学专家，疫情伊始她便开始研究新冠病毒，也是发现新冠病毒与非典病毒相似性的第一人。那么她在新冠领域还有哪些成果呢？且看视频慢慢道来～翻/轴：@晨er的渔夫帽 校：@好事发生鸭 法语 #石正丽# #石正丽在朋友圈再发声# #新冠肺炎# #新冠病毒# #病毒学# #疫情# L阿尔法小分队法语组的微博视频 收起全文d
最高人民检察院,【#31省区市新增5例新冠肺炎#】6月1日0—24时，31个省（自治区、直辖市）和新疆生产建设兵团报告新增确诊病例5例，均为境外输入病例（四川2例，上海1例，广东1例，陕西1例）；无新增死亡病例；无新增疑似病例；新增无症状感染者10例（境外输入8例）。#防控新型冠状病毒肺炎#O网页链接 ​
日本狸猫传说田中裕之,我正在在广岛，一个人生活，我母亲跑了，她说我不想跟你一起生活，我回到房子没人接，她一直拒绝接我的电话不回复我的短信，我们不是去年12月和好了吗？亲母亲怎么这样？她应该在我妹妹哪里，她也讨厌我，所以我不知道母亲现在在哪里，这几个月东京新冠病毒很厉害的时候她一次也没有打电话问候我，我已经放弃了，这，是日本人母亲。我在边远山区，我应该是这里唯一考上了早稻田大学的人，但我是因为小时候学习成绩太好了所以被其他日本小鬼欺负，一直没有一个朋友，我母亲发现我和其他小朋友玩儿，她过来说“你不要和他们学习成绩很差的废物做朋友”，这样。我虽然考上了早稻田大学但是都丧失了童年时期的美好回忆，现在回老家没有一个日本朋友了。中文的“学霸”无法翻译成日语，因为没有相当的日语词，只有“優等生 ゆうとうせい”“ガリ勉”，这些都是贬义词，我以前有个来自湖南的中国女朋友，她是因为我是学霸所以尊敬我，我当时人生中第一次感谢了自己的学习成绩。 收起全文d
J-婕西卡,约翰逊拟改进其政治议程以应对300年以来最严重的英国经济衰退英国首相鲍里斯·约翰逊计划重新设置他的政府议程，将发表重要讲话及财政声明，为英国面对新冠病毒疫情过后的新现实做好准备。预估显示英国可能陷入300年来最严重的衰退。知情人士称，面对这种前景，英国财政大臣苏纳克正在制定方案，拟定政府未来几个月撤回庞大的财政支持后提振经济的选项。约翰逊的盟友之间讨论的问题包括是否有可能提高所得税或国民保险，以专门用于支付对国民医疗服务体系的投资。企业税项也可能上调，一位知情人士说，其他选择可能包括对在大流行期间获利的行业征收意外收入税，例如超级市场、科技公司。金融 商品期货 收起全文d
飞行员-贝塔,6月开门红，昨天上证指数上破了2900，接下来要继续破2930，冲往3000+。外部方面，美国目前几乎所有的州都有城市宣布宵禁，新冠病毒、暴力示威搞得有点混乱，昨天有美国媒体报道特朗普两次被转移至地下掩体，他目前在内政上已经焦头烂额。是对外加速转移风险还是有心无力， 接下来再看。昨晚宣布了海南自贸港方案，战略性堪比雄安，中国的改革开放继续加速，海南的未来可期，在房子方面，海南也是我认为国内为数不多可以有大潜力的地方（可是买不了)。预计6、7月份的宏观面和指数运行环境会好一些，又是一个难得喘息的机会，加油吧，大家努力赚钱！ 收起全文d
瑾宸C,#埃博拉#讲实话我以前真的不信那些鬼怪神谈，但是2020年真的发生了太多不好的事情。听老人家说，一般到鼠年就没好事。从开年的新冠病毒，到如今的埃博拉，真的就没有一件好事。希望世界早日恢复正常 ​
三思逍遥,DNA新冠病毒疫苗目前有两个机构在研发DNA新冠病毒疫苗，一家是Inovio公司，另一家是哈佛大学医学院团队。这两家都在重量级科学期刊上发表了阳性结果，比如哈佛大学在《科学》上发文，称在恒河猴中免疫成功。而Inoviog公司则在《自然·通讯》上发文，称在小鼠和豚鼠中都表现不错。目前，Inovio公司的DNA疫苗已在美国进入I期人体试验，共40名志愿者参与，预计6月下旬就会有人类试验结果。该公司还计划在今年夏天进行一项大型随机的2/3期临床试验。#医疗资讯# #科学抗击疫情# 收起全文d
mahamayura,新冠病毒就像一面照妖镜，照出了多少妖魔鬼怪的原形 ​
股市梦工厂,世卫组织：部分国家解除封锁措施后出现病例增长世卫组织召开新冠肺炎例行发布会，世卫组织卫生紧急项目技术主管玛丽亚·范·科霍夫表示，新冠病毒会利用弱势群体和密切接触人群，许多国家缓慢解除封锁措施，其中一些国家出现病例增长，大约在解除封锁措施后两至三周出现。各国应监测此类现象，上报病例增长，并采取措施再次遏制病毒传播，所有人必须维持高度警惕。#美国疫情##全球疫情# 收起全文d
医食参考月刊,"#国际疫情发布# 一天里，关于全球疫情的9个重要消息在这里1. 美国确诊病例超180万，可能会有新一轮疫情高峰。6月1日全球新冠确诊病例超过624万，新增近11万，目前已有53个国家确诊病例超过万例。美国约翰斯·霍普金斯大学疫情实时监测系统显示，截至美东时间6月1日下午5时44分，美国已有新冠病毒感染病例1804206例，24小时新增18176例。爆发的全美抗议活动已进入第7天，抗议活动中人群密集，许多人不戴口罩，高喊口号或大声喊叫。马里兰州州长拉里·霍根31日表示，“从现在起两周时间里，我们将看到这是否会在美国引起新一轮疫情高峰”。2.俄罗斯治疗新冠肺炎药6月11号将投入使用。路透社1日消息，5月31日，俄罗斯首款用于抗新冠病毒的俄药物“阿韦法韦(Avifavir)”获得俄卫生部批准。俄罗斯直接投资基金会主权财富基金负责人表示，俄罗斯医院从6月11日开始向患者提供这种药物，每月足以治疗约60,000人。俄罗斯成为日本“法匹拉韦”、美国“瑞德西韦”之后第三个拥有抗新冠病毒药物的国家。3.塞尔维亚国防部为中国3名轮换抗疫专家授勋。当地时间6月1日上午10时，塞尔维亚国防部部长武林为轮换的3名援塞抗疫专家成守珍、刘大钺和唐可京授予国防部象征着保卫国家的最高荣誉勋章，以表彰他们为塞尔维亚疫情防控作出的贡献和付出的努力。4.日本启动万人新冠病毒抗体检测，推定疫情蔓延情况。据日本共同社报道，当地时间1日，日本厚生劳动省开始在东京都和宫城县实施1万人规模的检测，以掌握感染新冠病毒后产生的抗体携带者比例。大阪府也将于近期实施。此举旨在推定包括没有出现症状的人和康复者在内的感染蔓延情况。5.亚美尼亚总理尼科尔·帕希尼扬及家人确诊感染新冠肺炎。当地时间6月1日亚美尼亚总理尼科尔·帕希尼扬在社交媒体发布视频称，他和他的家人都感染新冠肺炎。帕希尼扬认为，他是在工作会议期间感染病毒，当时一名未戴手套的工作人员给了他一杯水，而该名工作人员后来被确诊感染了新冠肺炎。亚美尼亚总理表示，他将继续在自己的政府大院工作。 6.IMF总裁：预计今年超170国人均收入负增长。国际货币基金组织（IMF）总裁格奥尔基耶娃表示，新冠肺炎疫情比大萧条以来世界所经历的任何事情都更为影响深远，它也带来了前所未有的挑战。预计今年将有超过170个国家出现人均收入负增长。2020年全球经济预计萎缩超过3%，2021年全球经济将强劲反弹，全球增长预计达到5.8%。 7.钟南山近日表示，中国的疫苗研究进度在世界第一梯队。他说：“不管是RNA疫苗还是全病毒灭活疫苗，现在我们有5款已经走到了二期临床试验，我们的速度一点都不慢。当然，疫苗的研发还是需要相当长的时间，一个非常高效的疫苗要通过比较选择，因此时间会比较长。但我觉得，按照目前的进程，到今年年底，对一些应急的(情况)应该是完全可以解决的。” 8.湖北潜江扩大核酸筛查范围，6月份检测每人份补贴52元。5月30日，潜江发布发文称将扩大核酸筛查范围，对教职员工、医务人员等必检对象实施“应检尽检”，对其他人群实施“愿检尽检”。从6月1日至30日，政府将对市民新冠病毒核酸检测费用进行补贴。核酸检测收费标准为132元/人份，其中个人自费80元，政府补贴52元。9.国家卫建委报告1日新增确诊病例5例，均为境外输入病例（四川2例，上海1例，广东1例，陕西1例）；无新增死亡病例；无新增疑似病例；新增无症状感染者10例（境外输入8例）。当前，境外疫情扩散蔓延势头仍然没有得到有效遏制，国内无症状感染者每天还有新增，一周以来，黑龙江省牡丹江市陆续发现无症状感染者15例。要时刻绷紧疫情防控这根弦，确保抗疫成果持续巩固。 收起全文d"
车报导,印度猴子袭击工作人员抢走新冠病毒血液样本：据RT新闻报道，近日，印度密鲁特一所医学院的工作人员正在运送四名新冠肺炎患者的血液样本，然后遭到猴子袭击，并抢走了样本。人们不清楚猴子是否打开了样本，但网上一段视频拍下了猴子坐在树上咀嚼着样本盒子的画面，引起了当地人的恐慌。后据法新社报道，当地官员在附近收回了样品盒，而且完好无损并没有遭到猴子的破坏。 收起全文d
态度青岛,【心痛！感染新冠病毒的武汉中心医院医生胡卫锋，抢救无效不幸离世，病情曾一度明显好转】记者从武汉市中心医院医护人员及其他知情人士处获悉，该院泌尿外科副主任医师胡卫锋抢救无效已离世，其生前因感染新冠肺炎，进行了长达4个多月的治疗。武汉市中心医院一位知情人士透露，她是在今天早上6点多听到胡离世的消息。她介绍说，胡卫锋医生的病情相对较重，病中“他情绪不稳定”。据央视新闻此前消息，胡卫锋于1月中下旬被确诊感染新冠肺炎并在武汉市中心医院治疗，在2月7日转入武汉市肺科医院ICU病房并施行ECMO，3月3日，他转院到同济中法新城院区治疗。11天后的3月14日，胡卫锋病情曾明显好转，并在22日撤下ECMO。4月11日，胡卫锋已经拔除了气管切开套管，能够正常讲话，在14日转入了普通病房。4月22日，胡卫锋出现脑出血状况，5月21日再次脑出血。在长达4个多月的医治中，胡卫锋和心外科副主任医师易凡都曾“面容变黑”，病情一直备受公众的关注和关心。此前的5月6日，易凡已经康复出院。据武汉市中心医院的一份内部统计数据，截至2月9日17时，该院公卫科共上报职工新冠确诊病例68例，院外门诊观察147人，住院142人，纳入医学观察医务人员共266人。此前，在这次抗击新冠肺炎疫情的战斗中，武汉市中心医院眼科医生李文亮、主任医师梅仲明、甲状腺乳腺外科主任医师江学庆、眼科副主任医师朱和平等四位优秀医生已先后感染新冠肺炎不幸离世。 O武汉中心医院染新冠医生胡卫锋抢救无效离世，病情曾一度好转 收起全文d
张家界先生,【美国确诊病例超180万可能会有新一轮疫情高峰】据美国约翰斯·霍普金斯大学疫情实时监测系统显示，截至美东时间6月1日下午5时44分，美国已有新冠病毒感染病例1804206例，其中包括死亡病例104799例。与该系统大约24小时前的数据相比，美国新增感染病例18176例，新增死亡病例567例。疫情最为严重的纽约州有感染病例371711例，其中包括死亡病例29833例。此外，新泽西州、伊利诺伊州和加利福尼亚州也出现了超过10万例感染病例。因非裔男子乔治·弗洛伊德被白人警察“膝盖锁喉”致死而爆发的全美抗议活动已进入第7天，越来越多州长和公共卫生专家担心，抗议活动可能引起新一轮新冠疫情高峰。多位美国卫生专家提醒，抗议活动中人群密集，许多人不戴口罩，还有人高喊口号或大声喊叫。马里兰州州长拉里·霍根31日表示，“从现在起两周时间里，我们将看到这是否会在美国引起新一轮疫情高峰”。华盛顿特区市长缪里尔·鲍泽31日也称，“在过去的8到10周里，我们一直非常努力地避免举行任何大规模集会，”她表示，“我们必须警惕（疫情）反弹。”（人民日报）#美国疫情##美国经济# 收起全文d
价值投资日志,可怖！印度摩托骑手过检查站被喷洒消毒剂，瞬间燃爆变成大火球据《每日邮报》6月1日报道，印度摩托骑手在过检查站时被喷洒消毒水，摩托车在几秒内被燃爆，幸好骑手敏捷逃脱。据悉，新冠病毒可以在金属表面停留两到三天，所以在受灾严重的地区，印度政府官员下令对车辆进行消毒。一段录像显示，在古吉拉特邦艾哈迈达巴德一家综合大楼的门前，两名政府工作人员站起来，向一位骑着摩托车的男子喷洒消毒剂消毒。仅几秒钟的时间里，整辆车突然喷出一团明亮的橙色火焰，骑手跳下摩托车，摩托车瞬间变成了一团火球。大楼内的工作人员迅速采取行动，拯救了这辆燃烧的摩托车。据悉，印度新冠疫情持续恶化，确诊人数和死亡人数都在不断上升，在过去24小时内有230人因新冠肺炎死亡。目前，印度在受病毒感染最严重的国家中攀升至第七位，超过了德国和法国，累计确诊病例上升至19万多例，其中超过5000人死亡。新感染病例的上升趋势并未阻止印度城市的开放。目前，许多州的企业和商店重新营业，铁路部门宣布再增加200列特种旅客列车。一些地区还开放了边界，允许车辆通行。随着数百万失业的农民工从大城市返回家园，人们担心新冠病毒在印度村庄大肆传播。专家警告称，印度的大流行尚未达到高峰，许多州确定了更多的高风险地区，并将封锁持续到了6月30日。印度总理莫迪在周日向全国发表的广播讲话中警告公民继续保持警惕。他在讲话中强调，不能够在此时粗心，放宽限制后，应该将重点放在促进经济活动上，因为病毒的封锁已经严重打击了印度的经济。评：在#数千美国民众脸趴地抗议9分钟#之际，印度千万别学美国。 收起全文d
三思逍遥,什么样的抗体最能中和新冠病毒的毒性？当新冠病毒进入人体后，免疫系统会产生多种抗体来试图对抗新冠病毒的入侵，其中一些抗体能直接结合病毒，另一些抗体则能与细胞膜上的ACE2受体竞争性的结合病毒。目前认为，最能中和病毒毒性的抗体，不是那些直接结合病毒的抗体，而是与ACE2受体竞争性结合病毒的抗体，因为病毒是通过ACE2受体进入细胞的，对这个关键过程进行干预，才是最有效的对抗病毒入侵的办法。#医疗科普# #科学抗击疫情# 收起全文d
联合国,@联合国妇女署 今天发起了#大流行暴力阴影#（Shadow Pandemic of Violence）宣传活动，旨在关注#COVID-19# #新型冠状病毒#疫情期间在全球激增的#家庭暴力#问题。相关宣传短片由奥斯卡影后、著名英国演员#凯特温斯莱特# 配音，呼吁人们为已知或怀疑遭受家暴的妇女提供支持。据统计，自封锁开始以来，阿根廷有关家暴案件的紧急求助电话增加了25％，新加坡和塞浦路斯增加了30％以上。在美国，“全国家暴热线”报告说，越来越多的受害者通过短信或电话求助。有证据表明，即使在疾病大流行之前，三分之一的妇女就曾遭受过来自亲密伴侣的身体和/或性暴力。妇女署表示，像新冠病毒病这样的疾病大流行不仅会加剧家庭内部的暴力，还会加剧针对妇女和女童的其他形式的暴力。投资于预防和应对暴力侵害妇女行为一直处于危机时刻。对妇女和女孩来说，这是需要采取紧急行动的关键时刻。妇女署希望，这场运动将为全世界的妇女和女孩带来长期的挽救生命的改变。了解更多信息：O网页链接妇女署宣传视频 L联合国的微博视频 收起全文d
选择中医__董洪涛,新冠病毒是以湿性为主的，随着五运六气变化，天地之间的湿性越来越弱，新冠病毒的毒性也随之而减弱。意大利医学界最新发现，从近期新冠患者的化验样本来看，新冠病毒的毒性正在减弱，没有几个月前那么致命。如何才能避免感染新冠病毒呢？建议积极祛湿，使舌苔薄白，而不是黄厚或厚腻，则湿毒不能外侵。 ​
世雄体育,#埃博拉#巴萨曾有5名球员和2名教练感染新冠病毒，现已康复 ​
花语飞丝,世卫专家：无证据显示新冠病毒“效能”减弱中新网6月2日电 据新加坡联合早报网报道，当地时间1日，世界卫生组织专家和多名科学家表示，没有证据显示新冠病毒的“效能”正在减弱。意大利圣拉斐尔医院院长赞格里洛此前指该病毒的致命性已大不如前。据报道，世卫组织流行病学家范·科霍夫以及其他几位病毒与传染病专家说，赞格里洛的理论没有科学证据支持。他们表示，没有数据表明新冠病毒正在发生显著变化，无论是它的传播形式或所导致的疾病严重程度，都没有明显改变。范·科霍夫说：“就传染性而言，它没有改变；就严重程度而言，它也没有改变。”据美国约翰斯·霍普金斯大学最新数据，截至北京时间7时33分，全球新冠确诊病例累计超624.6万例，死亡超37.4万例。其中，美国确诊超180万例，死亡超10.5万例。 收起全文d
虎扑篮球,根据NBA薪资专家Bobby Marks的报道，当地时间6月1日是NBA球员因新冠病毒疫情降薪后的第二个发薪日。目前NBA球员的降薪幅度为25%，自当地时间6月15日开始，降薪幅度将根据最终常规赛场次而增加或者降低。根据此前的相关报道，NBA与球员工会在4月18日达成协议，因新冠病毒疫情影响，从当地时间5月15日的发薪日开始，NBA球员将降薪25%。#上虎扑看篮球新闻# 收起全文d
三思逍遥,泰国试图弯道超车泰国宣布自主研发的mRNA新冠病毒疫苗获得阳性成果，实验在小鼠身上进行，现在泰国研究人员正在猴子身上进行进一步测试，预期在9月前获得是否有效的明确结果，至于进入临床试验的日期，尚未计划#医疗资讯# #科学抗击疫情# ​
普显宏,又惹事了！印度猴子袭击工作人员抢走新冠病毒血液样本_鲁特 O网页链接 ​
gaozhun,新冠病毒吞噬世界核竞赛烽火再燃美国伊朗紧张升级以色列计划兼并西岸香港还在继续美国开始了全国骚乱40个城市被宵禁世界会走向何方任何人也无法把控的人类史的常态是饥饿和苦难而我们已经享受了大半个世纪的和平舆丰衣足食文明、野蛮、战争、罪恶，世界会变成是什么样谁也不知道。 ​
苏晓晖的世界,种族主义病毒比新冠病毒更致命。 ​
Anyuino_85,[cp]#埃博拉##埃博拉疫情尚未结束# 2020，多灾多难，希望控制住，不要扩散了，这新冠病毒国外还没控制住😱😱😱😱😱希望新冠早日过去，人间平安🙏🙏🙏🙏🙏🙏 ​[/cp] ​​​
经营大师在华夏,#全球疫情##全球新冠肺炎累计确诊超600万##印度疫情# 群众上街不戴口罩，警察可当常抓走 ，干部和#领导# 人上街和聚会如没戴口罩可当场免职和判刑！👍👏#美国新冠病毒感染病例超176万##美国疫情##美国暴乱##美国新冠肺炎死亡病例超10万##腾讯新闻# 男子出门上街没戴口罩被警察直接打晕抬走 可怕一幕被拍下O网页链接 来自@腾讯新闻 收起全文d
三思逍遥,印度加速新冠疫苗研发工作印度的实验性疫苗研究已经获得足够资金支持，印度分离出的新冠病毒株也已在病毒学研究所中得到鉴定为真正新型冠状病毒的毒株。最近，印度医学研究委员会(ICMR)和巴拉特生物技术国际有限公司(BBIL)宣布合作，集合印度血清研究所和印度免疫制品有限公司等加快疫苗的生产，但印度还没有宣布任何实验结果。#医疗资讯# #科学抗击疫情# 收起全文d
王英润,我以为：新冠病毒如果没有全世界扩散泛滥，以中国战新冠病毒疫情模型，阻断和消灭传染源，新冠病毒几乎就会是如非典那样消失。。。而所谓全球秋冬季乃至明年春季二次暴发，其实就是全球传染源及传染链条一直没有被阻断切断。 ​
彭国珩,世卫组织原总干事陈冯富珍：新冠病毒是我见过的最“狡猾”的病毒 O世卫组织原总干事陈冯富珍：新冠病毒是我见过的最“狡猾”的病毒 ​
ICEIntelligence,法新社援引俄罗斯总统府克里姆林宫的一份声明称，在由美方建议的这次电话会谈中，川普告诉普京他计划邀请俄罗斯及其他几个国家参加下届G7峰会。受全球大流行的新冠病毒疫情影响，川普宣布，将原定6月底举行的G7峰会推迟到9月举行。　　俄罗斯总统府强调，俄美首脑的这次会谈具有“建设性”及“实质意义”。 川普周六宣布，他将推迟举行原定六月召开的G7峰会，并将邀请包括俄罗斯在内的其他国家参加会议。　　川普表示，仅由英国，加拿大，法国，德国，意大利，日本和美国组成的G7的模式已经“过时”。 收起全文d
风云徐州,#埃博拉#新冠还没结束，埃博拉又来凑热闹了，好不热闹！我在想个问题要是:哪天新冠病毒结合埃博拉会不会吓得人人想自杀。 2徐州 ​
